fecha,archivo
2025-06-25 23:10:09,000135SN
2025-06-25 23:10:23,000135UO
2025-06-25 23:10:23,000135UP
2025-06-25 23:10:41,000135X6
2025-06-25 23:10:47,000135YG
2025-06-25 23:10:53,000135YZ
2025-06-25 23:11:17,00014KG8
2025-06-25 23:11:17,00014KG9
2025-06-25 23:11:18,00014KG7
2025-06-25 23:11:26,00014KHO
2025-06-25 23:11:28,00014KHQ
2025-06-25 23:11:28,00014KHS
2025-06-25 23:11:28,00014KHT
2025-06-25 23:11:53,00015YZ0
2025-06-25 23:12:02,00015Z0D
2025-06-25 23:12:17,00015Z2M
2025-06-25 23:12:32,00017DI5
2025-06-25 23:12:32,00017DI6
2025-06-25 23:12:33,00017DIA
2025-06-25 23:13:17,00018S2H
2025-06-25 23:15:08,0001BL9Y
2025-06-25 23:15:10,0001BLA5
2025-06-25 23:15:23,0001BLC9
